<?xml version="1.0" encoding="UTF-8"?>
<rss version="2.0">
<channel>
<description>This is an example feed showing the very basics of what constitutes a web feed</description>
<link>http://www.example.com</link>
<title>ColdBox Beginner Feed</title>
<docs>http://www.rssboard.org/rss-specification</docs>
<generator>ColdBox Feed Generator - 2.1</generator>
<item>
<title>Our first ColdBox feed item!</title>
<description>Congratulations you have successfully created your first ColdBox feed.</description>
<link>http://www.example.com/article/1</link>
<author>bengarrett@example.com (Ben Garrett)</author>
</item>
<item>
<title>Optional tags</title>
<description>In this item we have choosen to leave out the author tag.</description>
<link>http://www.example.com/article/2</link>
</item>
<item>
<title>Broken links</title>
<description>Don't click those example links. They are fake, but are design to to give you an example when implementing your own feeds.</description>
<link>http://www.example.com/article/3</link>
</item>
</channel>
</rss>

