<?xml version="1.0"?>
<!-- ====================================================================== 
    ********************************************************************************
    Copyright Since 2005 ColdBox Framework by Luis Majano and Ortus Solutions, Corp
    www.coldbox.org | www.luismajano.com | www.ortussolutions.com
    ********************************************************************************
    Deploy tag stamper
    by Luis Majano                                                                                 
    ====================================================================== -->
<project name="deploytag" default="do.deploytag" basedir=".">
    
    <description>
        Creates a new deploy tag timestamp
    </description>
    
    <property name="deploytag.path" value="_deploy.tag" />
    
    <target name="init">
        <!-- Init TimeStamp -->
        <tstamp>
            <format pattern="MMM-dd-yyyy HH:mm:ss" property="TODAY"/>
        </tstamp>
        <available file="${deploytag.path}"   property="isFileAvail" />
    </target>
    
    <target name="do.delete.tag" if="isFileAvail">
        <delete file="${deploytag.path}"  />
    </target>
    
    <target name="do.deploytag" depends="init, do.delete.tag">
        <!-- echo tag -->
        <echo file="${deploytag.path}">DEPLOYING ON:${TODAY}</echo>
    </target>
    
</project>