<?xml version="1.0" encoding="utf-8"?>
<snippet filetemplate="true" extension="cfc">
<name>CustomPlugin</name>
<help>A new Custom Plugin</help>
<starttext><![CDATA[<!-----------------------------------------------------------------------
Author 	 :	$${Author}
Date     :	$${DATE}
Description : 			
 $${Plugin Description}
		
----------------------------------------------------------------------->
<cfcomponent hint="$${Hint}" 
			 extends="coldbox.system.Plugin" 
			 output="false" 
			 cache="$${Cache:true|false}"
			 cacheTimeout="$${Cache Timeout:0}">
  
<!------------------------------------------- CONSTRUCTOR ------------------------------------------->	
   
    <cffunction name="init" access="public" returntype="$${Plugin Name}" output="false">
		<cfargument name="controller" type="any" required="true">
		<cfscript>
	  		super.Init(arguments.controller);
	  		setpluginName("$${Plugin Name}");
	  		setpluginVersion("$${Plugin Version}");
	  		setpluginDescription("$${Plugin Description}");
	  		setPluginAuthor("$${Author}");
	  		setPluginAuthorURL("");
	  		
	  		//My own Constructor code here
	  		
	  		
	  		return this;
		</cfscript>
	</cffunction>

<!------------------------------------------- PUBLIC ------------------------------------------->	

    
<!------------------------------------------- PRIVATE ------------------------------------------->	

	
</cfcomponent>]]></starttext>
<endtext><![CDATA[]]></endtext>
</snippet>