<?xml version="1.0" encoding="UTF-8"?>
<dictionary>
	<tags></tags>
	<functions>
<!-- Functions for: coldbox.system.Interceptor -->
	<function name="setProperty" returns="void">
			<help><![CDATA[ Set an interceptor property (Context: Interceptor) ]]></help>
		<parameter name="property" required="true" type="any">
				<help><![CDATA[ The property name to set. ]]></help>
			</parameter>
			<parameter name="value" required="true" type="any">
				<help><![CDATA[ The value of the property. ]]></help>
			</parameter>
			</function>
	<function name="getProperty" returns="any">
			<help><![CDATA[ Get an interceptor property, throws exception if not found. (Context: Interceptor) ]]></help>
		<parameter name="property" required="true" type="any">
				<help><![CDATA[ The key of the property to return. ]]></help>
			</parameter>
			</function>
	<function name="getProperties" returns="struct">
			<help><![CDATA[ Get the entire properties structure (Context: Interceptor) ]]></help>
		</function>
	<function name="getInterceptorService" returns="any">
			<help><![CDATA[  (Context: Interceptor) ]]></help>
		</function>
	<function name="Configure" returns="void">
			<help><![CDATA[ This is the configuration method for your interceptors. THIS IS EXECUTED BEFORE THE ASPECTS ARE LOADED. (Context: Interceptor) ]]></help>
		</function>
	<function name="appendToBuffer" returns="void">
			<help><![CDATA[ Append to the interceptor buffer. (Context: Interceptor) ]]></help>
		<parameter name="str" required="true" type="any">
				<help><![CDATA[ The string to append ]]></help>
			</parameter>
			</function>
	<function name="clearBuffer" returns="any">
			<help><![CDATA[ Clear the interceptor buffer (Context: Interceptor) ]]></help>
		</function>
	<function name="propertyExists" returns="boolean">
			<help><![CDATA[ Checks wether a given interceptor property exists or not. (Context: Interceptor) ]]></help>
		<parameter name="property" required="true" type="any">
				<help><![CDATA[ The property name ]]></help>
			</parameter>
			</function>
	<function name="getBufferObject" returns="any">
			<help><![CDATA[ Get the request buffer object: coldbox.system.core.util.RequestBuffer (Context: Interceptor) ]]></help>
		</function>
	<function name="setProperties" returns="void">
			<help><![CDATA[ Set the entire properties structure (Context: Interceptor) ]]></help>
		<parameter name="properties" required="true" type="struct">
				<help><![CDATA[  ]]></help>
			</parameter>
			</function>
	<function name="unregister" returns="boolean">
			<help><![CDATA[ Unregister this interceptor from a passed state. If the state does not exists, it returns false (Context: Interceptor) ]]></help>
		<parameter name="state" required="true" type="any">
				<help><![CDATA[ The named state to unregister this interceptor from ]]></help>
			</parameter>
			</function>
	<function name="init" returns="any">
			<help><![CDATA[  (Context: Interceptor) ]]></help>
		<parameter name="controller" required="true" type="any">
				<help><![CDATA[ The ColdBox controller reference: coldbox.system.web.Controller ]]></help>
			</parameter>
			<parameter name="properties" required="true" type="any">
				<help><![CDATA[ The Interceptor properties ]]></help>
			</parameter>
			</function>
	<function name="getBufferString" returns="any">
			<help><![CDATA[ Get the string representation of the buffer (Context: Interceptor) ]]></help>
		</function>
<!-- Functions for: coldbox.system.Plugin -->
	<function name="getPluginDescription" returns="string">
			<help><![CDATA[ Get the instance's pluginDescription (Context: Plugin) ]]></help>
		</function>
	<function name="getpluginPath" returns="string">
			<help><![CDATA[ Get the instance's pluginPath (Context: Plugin) ]]></help>
		</function>
	<function name="setPluginVersion" returns="string">
			<help><![CDATA[ Set the instance's pluginVersion (Context: Plugin) ]]></help>
		<parameter name="pluginVersion" required="true" type="any">
				<help><![CDATA[  ]]></help>
			</parameter>
			</function>
	<function name="setPluginDescription" returns="string">
			<help><![CDATA[ Set the instance's pluginDescription (Context: Plugin) ]]></help>
		<parameter name="pluginDescription" required="true" type="any">
				<help><![CDATA[  ]]></help>
			</parameter>
			</function>
	<function name="getPluginName" returns="string">
			<help><![CDATA[ Get the instance's pluginName (Context: Plugin) ]]></help>
		</function>
	<function name="getRequestContext" returns="any">
			<help><![CDATA[ Retrieve the request context object (Context: Plugin) ]]></help>
		</function>
	<function name="getpluginAuthor" returns="string">
			<help><![CDATA[ Get the instance's pluginAuthor (Context: Plugin) ]]></help>
		</function>
	<function name="getPluginVersion" returns="string">
			<help><![CDATA[ Get the instance's pluginVersion (Context: Plugin) ]]></help>
		</function>
	<function name="setPluginName" returns="string">
			<help><![CDATA[ Set the instance's pluginName (Context: Plugin) ]]></help>
		<parameter name="pluginName" required="true" type="any">
				<help><![CDATA[  ]]></help>
			</parameter>
			</function>
	<function name="getRequestCollection" returns="any">
			<help><![CDATA[ Get a reference to the request collection (Context: Plugin) ]]></help>
		<parameter name="private" required="false" type="boolean">
				<help><![CDATA[ Get the request collection or private request collection ]]></help>
			</parameter>
			</function>
	<function name="setpluginAuthor" returns="void">
			<help><![CDATA[ Set the instance's pluginAuthor (Context: Plugin) ]]></help>
		<parameter name="pluginAuthor" required="true" type="any">
				<help><![CDATA[  ]]></help>
			</parameter>
			</function>
	<function name="setpluginAuthorURL" returns="void">
			<help><![CDATA[ Set the instance's pluginAuthorURL (Context: Plugin) ]]></help>
		<parameter name="pluginAuthorURL" required="true" type="any">
				<help><![CDATA[  ]]></help>
			</parameter>
			</function>
	<function name="init" returns="any">
			<help><![CDATA[ The plugin constructor. (Context: Plugin) ]]></help>
		<parameter name="controller" required="true" type="any">
				<help><![CDATA[ coldbox.system.web.Controller ]]></help>
			</parameter>
			</function>
	<function name="getpluginAuthorURL" returns="string">
			<help><![CDATA[ Get the instance's pluginAuthorURL (Context: Plugin) ]]></help>
		</function>
<!-- Functions for: coldbox.system.EventHandler -->
	<function name="_privateInvoker" returns="any">
			<help><![CDATA[ calls private/packaged/public methods. Used internally by coldbox to execute private events (Context: EventHandler) ]]></help>
		<parameter name="method" required="true" type="any">
				<help><![CDATA[ Name of the method to execute ]]></help>
			</parameter>
			<parameter name="argCollection" required="false" type="any">
				<help><![CDATA[ Can be called with an argument collection struct ]]></help>
			</parameter>
			</function>
	<function name="_actionExists" returns="any">
			<help><![CDATA[ Checks if an action is defined, either public or private (Context: EventHandler) ]]></help>
		<parameter name="action" required="true" type="any">
				<help><![CDATA[ The action to search for ]]></help>
			</parameter>
			</function>
	<function name="init" returns="any">
			<help><![CDATA[ The event handler controller (Context: EventHandler) ]]></help>
		<parameter name="controller" required="true" type="any">
				<help><![CDATA[ coldbox.system.web.Controller ]]></help>
			</parameter>
			</function>
<!-- Functions for: coldbox.system.FrameworkSupertype -->
	<function name="loadGlobalUDFLibraries" returns="any">
			<help><![CDATA[ Load the global UDF libraries defined in the UDFLibraryFile Setting (Context: FrameworkSupertype) ]]></help>
		</function>
	<function name="$rethrow" returns="void">
			<help><![CDATA[ Rethrow facade (Context: FrameworkSupertype) ]]></help>
		<parameter name="throwObject" required="true" type="any">
				<help><![CDATA[ The cfcatch object ]]></help>
			</parameter>
			</function>
	<function name="getInterceptor" returns="any">
			<help><![CDATA[ Get an interceptor (Context: FrameworkSupertype) ]]></help>
		<parameter name="interceptorName" required="false" type="any">
				<help><![CDATA[ The name of the interceptor to search for ]]></help>
			</parameter>
			<parameter name="deepSearch" required="false" type="any">
				<help><![CDATA[ By default we search the cache for the interceptor reference. If true, we search all the registered interceptor states for a match. ]]></help>
			</parameter>
			</function>
	<function name="relocate" returns="void">
			<help><![CDATA[ This method will be deprecated, please use setNextEvent() instead. (Context: FrameworkSupertype) ]]></help>
		<parameter name="url" required="true" type="string">
				<help><![CDATA[  ]]></help>
			</parameter>
			<parameter name="addtoken" required="false" type="boolean">
				<help><![CDATA[  ]]></help>
			</parameter>
			<parameter name="postProcessExempt" required="false" type="boolean">
				<help><![CDATA[ Do not fire the postProcess interceptors ]]></help>
			</parameter>
			</function>
	<function name="getModuleSettings" returns="any">
			<help><![CDATA[ Get a module's setting structure if it exists (Context: FrameworkSupertype) ]]></help>
		<parameter name="module" required="true" type="any">
				<help><![CDATA[ The module name ]]></help>
			</parameter>
			</function>
	<function name="getColdboxOCM" returns="any">
			<help><![CDATA[ Get a CacheBox Cache of type: coldbox.system.cache.IColdboxApplicationCache (Context: FrameworkSupertype) ]]></help>
		<parameter name="cacheName" required="false" type="any">
				<help><![CDATA[ The cache name to retrieve ]]></help>
			</parameter>
			</function>
	<function name="$abort" returns="void">
			<help><![CDATA[ Facade for cfabort (Context: FrameworkSupertype) ]]></help>
		</function>
	<function name="setfwLocale" returns="any">
			<help><![CDATA[ Set the default locale to use in the framework for a specific user. Utility Method (Context: FrameworkSupertype) ]]></help>
		<parameter name="locale" required="false" type="any">
				<help><![CDATA[ The locale to change and set. Must be Java Style: en_US ]]></help>
			</parameter>
			<parameter name="dontloadRBFlag" required="false" type="any">
				<help><![CDATA[ Flag to load the resource bundle for the specified locale (If not already loaded) or just change the framework's locale. Boolean ]]></help>
			</parameter>
			</function>
	<function name="getNewMail" returns="any">
			<help><![CDATA[ Get a new mail payload object ready for sending email through our mail service.  This function's arguments match the cfmail tag, so send whatever you like (Context: FrameworkSupertype) ]]></help>
		</function>
	<function name="getDatasource" returns="any">
			<help><![CDATA[ I will return to you a datasourceBean according to the alias of the datasource you wish to get from the configstruct (Context: FrameworkSupertype) ]]></help>
		<parameter name="alias" required="false" type="any">
				<help><![CDATA[ The alias of the datasource to get from the configstruct (alias property in the config file) ]]></help>
			</parameter>
			</function>
	<function name="getController" returns="any">
			<help><![CDATA[ Get controller: coldbox.system.web.Controller (Context: FrameworkSupertype) ]]></help>
		</function>
	<function name="getMailService" returns="any">
			<help><![CDATA[ Get a reference to our Mail Service plugin (Context: FrameworkSupertype) ]]></help>
		</function>
	<function name="$dump" returns="void">
			<help><![CDATA[ Facade for cfmx dump (Context: FrameworkSupertype) ]]></help>
		<parameter name="var" required="yes" type="any">
				<help><![CDATA[  ]]></help>
			</parameter>
			<parameter name="isAbort" required="false" type="boolean">
				<help><![CDATA[ Abort also ]]></help>
			</parameter>
			</function>
	<function name="getModel" returns="any">
			<help><![CDATA[ Create or retrieve model objects by convention (Context: FrameworkSupertype) ]]></help>
		<parameter name="name" required="false" type="any">
				<help><![CDATA[ The mapping name or CFC instance path to try to build up ]]></help>
			</parameter>
			<parameter name="dsl" required="false" type="any">
				<help><![CDATA[ The dsl string to use to retrieve the instance model object, mutually exclusive with 'name' ]]></help>
			</parameter>
			<parameter name="initArguments" required="false" type="any">
				<help><![CDATA[ The constructor structure of arguments to passthrough when initializing the instance ]]></help>
			</parameter>
			</function>
	<function name="renderLayout" returns="any">
			<help><![CDATA[ Renders a layout with view combinations (Context: FrameworkSupertype) ]]></help>
		<parameter name="layout" required="false" type="any">
				<help><![CDATA[ The explicit layout to use in rendering. ]]></help>
			</parameter>
			<parameter name="view" required="false" type="any">
				<help><![CDATA[ The name of the view to passthrough as an argument so you can refer to it as arguments.view ]]></help>
			</parameter>
			<parameter name="module" required="false" type="any">
				<help><![CDATA[ Explicitly render a layout from this module ]]></help>
			</parameter>
			<parameter name="args" required="false" type="struct">
				<help><![CDATA[ An optional set of arguments that will be available to this layouts/view rendering ONLY ]]></help>
			</parameter>
			</function>
	<function name="renderView" returns="Any">
			<help><![CDATA[ Renders all kinds of views (Context: FrameworkSupertype) ]]></help>
		<parameter name="view" required="true" type="any">
				<help><![CDATA[  ]]></help>
			</parameter>
			<parameter name="cache" required="false" type="any">
				<help><![CDATA[ True if you want to cache the view. ]]></help>
			</parameter>
			<parameter name="cacheTimeout" required="false" type="any">
				<help><![CDATA[ The cache timeout ]]></help>
			</parameter>
			<parameter name="cacheLastAccessTimeout" required="false" type="any">
				<help><![CDATA[ The last access timeout ]]></help>
			</parameter>
			<parameter name="cacheSuffix" required="false" type="any">
				<help><![CDATA[ Add a cache suffix to the view cache entry. Great for multi-domain caching or i18n caching. ]]></help>
			</parameter>
			<parameter name="module" required="false" type="any">
				<help><![CDATA[ Explicitly render a layout from this module ]]></help>
			</parameter>
			<parameter name="args" required="false" type="struct">
				<help><![CDATA[ An optional set of arguments that will be available to this layouts/view rendering ONLY ]]></help>
			</parameter>
			<parameter name="collection" required="false" type="any">
				<help><![CDATA[ A collection to use by this Renderer to render the view as many times as the items in the collection ]]></help>
			</parameter>
			<parameter name="collectionAs" required="false" type="any">
				<help><![CDATA[ The name of the collection variable in the partial rendering.  If not passed, we will use the name of the view by convention ]]></help>
			</parameter>
			</function>
	<function name="locateFilePath" returns="string">
			<help><![CDATA[ Locate the real path location of a file in a coldbox application. 3 checks: 1) inside of coldbox app, 2) expand the path, 3) Absolute location. If path not found, it returns an empty path (Context: FrameworkSupertype) ]]></help>
		<parameter name="pathToCheck" required="true" type="any">
				<help><![CDATA[ The path to check ]]></help>
			</parameter>
			</function>
	<function name="$include" returns="void">
			<help><![CDATA[ Facade for cfinclude (Context: FrameworkSupertype) ]]></help>
		<parameter name="template" required="false" type="string">
				<help><![CDATA[  ]]></help>
			</parameter>
			</function>
	<function name="getSetting" returns="any">
			<help><![CDATA[ Facade (Context: FrameworkSupertype) ]]></help>
		<parameter name="name" required="true" type="any">
				<help><![CDATA[  ]]></help>
			</parameter>
			<parameter name="FWSetting" required="false" type="boolean">
				<help><![CDATA[  ]]></help>
			</parameter>
			<parameter name="defaultValue" required="false" type="any">
				<help><![CDATA[ Default value to return if not found. ]]></help>
			</parameter>
			</function>
	<function name="getDebugMode" returns="boolean">
			<help><![CDATA[ Facade to get your current debug mode (Context: FrameworkSupertype) ]]></help>
		</function>
	<function name="getPlugin" returns="any">
			<help><![CDATA[ Facade (Context: FrameworkSupertype) ]]></help>
		<parameter name="plugin" required="false" type="any">
				<help><![CDATA[ The Plugin object's name to instantiate, as a string ]]></help>
			</parameter>
			<parameter name="customPlugin" required="false" type="any">
				<help><![CDATA[  ]]></help>
			</parameter>
			<parameter name="newInstance" required="false" type="any">
				<help><![CDATA[  ]]></help>
			</parameter>
			<parameter name="module" required="false" type="any">
				<help><![CDATA[ The module to retrieve the plugin from ]]></help>
			</parameter>
			<parameter name="init" required="false" type="any">
				<help><![CDATA[ Auto init() the plugin upon construction ]]></help>
			</parameter>
			</function>
	<function name="settingExists" returns="boolean">
			<help><![CDATA[ Facade (Context: FrameworkSupertype) ]]></help>
		<parameter name="name" required="true" type="any">
				<help><![CDATA[  ]]></help>
			</parameter>
			<parameter name="FWSetting" required="false" type="boolean">
				<help><![CDATA[  ]]></help>
			</parameter>
			</function>
	<function name="getValidationManager" returns="coldbox.system.validation.IValidationManager">
			<help><![CDATA[ Retrieve the application's configured Validation Manager (Context: FrameworkSupertype) ]]></help>
		</function>
	<function name="getSettingStructure" returns="struct">
			<help><![CDATA[ Facade (Context: FrameworkSupertype) ]]></help>
		<parameter name="FWSetting" required="false" type="boolean">
				<help><![CDATA[  ]]></help>
			</parameter>
			<parameter name="DeepCopyFlag" required="false" type="boolean">
				<help><![CDATA[  ]]></help>
			</parameter>
			</function>
	<function name="getMemento" returns="any">
			<help><![CDATA[ Get the memento of this object (Context: FrameworkSupertype) ]]></help>
		</function>
	<function name="setNextRoute" returns="void">
			<help><![CDATA[ This method is now deprecated, please use setNextEvent(). This method will be removed later on (Context: FrameworkSupertype) ]]></help>
		<parameter name="route" required="true" type="string">
				<help><![CDATA[ The route to relocate to, do not prepend the baseURL or /. ]]></help>
			</parameter>
			<parameter name="persist" required="false" type="string">
				<help><![CDATA[ What request collection keys to persist in the relocation ]]></help>
			</parameter>
			<parameter name="persistStruct" required="false" type="struct">
				<help><![CDATA[ A structure key-value pairs to persist. ]]></help>
			</parameter>
			<parameter name="addToken" required="false" type="boolean">
				<help><![CDATA[ Wether to add the tokens or not. Default is false ]]></help>
			</parameter>
			<parameter name="ssl" required="false" type="boolean">
				<help><![CDATA[ Whether to relocate in SSL or not ]]></help>
			</parameter>
			</function>
	<function name="setNextEvent" returns="void">
			<help><![CDATA[ Facade (Context: FrameworkSupertype) ]]></help>
		<parameter name="event" required="false" type="string">
				<help><![CDATA[ The name of the event to run, if not passed, then it will use the default event found in your configuration file. ]]></help>
			</parameter>
			<parameter name="queryString" required="false" type="string">
				<help><![CDATA[ The query string to append, if needed. If in SES mode it will be translated to convention name value pairs ]]></help>
			</parameter>
			<parameter name="addToken" required="false" type="boolean">
				<help><![CDATA[ Wether to add the tokens or not. Default is false ]]></help>
			</parameter>
			<parameter name="persist" required="false" type="string">
				<help><![CDATA[ What request collection keys to persist in flash ram ]]></help>
			</parameter>
			<parameter name="persistStruct" required="false" type="struct">
				<help><![CDATA[ A structure key-value pairs to persist in flash ram. ]]></help>
			</parameter>
			<parameter name="ssl" required="false" type="boolean">
				<help><![CDATA[ Whether to relocate in SSL or not ]]></help>
			</parameter>
			<parameter name="baseURL" required="false" type="string">
				<help><![CDATA[ Use this baseURL instead of the index.cfm that is used by default. You can use this for ssl or any full base url you would like to use. Ex: https://mysite.com/index.cfm ]]></help>
			</parameter>
			<parameter name="postProcessExempt" required="false" type="boolean">
				<help><![CDATA[ Do not fire the postProcess interceptors ]]></help>
			</parameter>
			<parameter name="URL" required="false" type="string">
				<help><![CDATA[ The full URL you would like to relocate to instead of an event: ex: URL='http://www.google.com' ]]></help>
			</parameter>
			<parameter name="URI" required="false" type="string">
				<help><![CDATA[ The relative URI you would like to relocate to instead of an event: ex: URI='/mypath/awesome/here' ]]></help>
			</parameter>
			<parameter name="statusCode" required="false" type="numeric">
				<help><![CDATA[ The status code to use in the relocation ]]></help>
			</parameter>
			</function>
	<function name="addAsset" returns="any">
			<help><![CDATA[ Add a js/css asset(s) to the html head section. You can also pass in a list of assets. (Context: FrameworkSupertype) ]]></help>
		<parameter name="asset" required="true" type="any">
				<help><![CDATA[ The asset to load, only js or css files. This can also be a comma delimmited list. ]]></help>
			</parameter>
			</function>
	<function name="getSettingsBean" returns="coldbox.system.core.collections.ConfigBean">
			<help><![CDATA[ Returns a configBean with all the configuration structure. (Context: FrameworkSupertype) ]]></help>
		<parameter name="FWSetting" required="false" type="boolean">
				<help><![CDATA[ Whether to build the config bean with coldbox settings or config settings ]]></help>
			</parameter>
			</function>
	<function name="includeUDF" returns="void">
			<help><![CDATA[ Injects a UDF Library (*.cfc or *.cfm) into the target object.  It does not however, put the mixins on any of the cfc scopes. Therefore they can only be called internally. (Context: FrameworkSupertype) ]]></help>
		<parameter name="udflibrary" required="true" type="any">
				<help><![CDATA[ The UDF library to inject. ]]></help>
			</parameter>
			</function>
	<function name="populateModel" returns="Any">
			<help><![CDATA[ Populate a named or instantiated model (java/cfc) from the request collection items (Context: FrameworkSupertype) ]]></help>
		<parameter name="model" required="true" type="any">
				<help><![CDATA[ The name of the model to get and populate or the acutal model object. If you already have an instance of a model, then use the populateBean() method ]]></help>
			</parameter>
			<parameter name="scope" required="false" type="any">
				<help><![CDATA[ Use scope injection instead of setters population. Ex: scope=variables.instance. ]]></help>
			</parameter>
			<parameter name="trustedSetter" required="false" type="boolean">
				<help><![CDATA[ If set to true, the setter method will be called even if it does not exist in the bean ]]></help>
			</parameter>
			<parameter name="include" required="false" type="any">
				<help><![CDATA[ A list of keys to include in the population ]]></help>
			</parameter>
			<parameter name="exclude" required="false" type="any">
				<help><![CDATA[ A list of keys to exclude in the population ]]></help>
			</parameter>
			<parameter name="ignoreEmpty" required="false" type="boolean">
				<help><![CDATA[ Ignore empty values on populations, great for ORM population ]]></help>
			</parameter>
			</function>
	<function name="validateModel" returns="coldbox.system.validation.result.IValidationResult">
			<help><![CDATA[ Validate a target object (Context: FrameworkSupertype) ]]></help>
		<parameter name="target" required="true" type="any">
				<help><![CDATA[ The target object to validate or a structure of name-value paris to validate. ]]></help>
			</parameter>
			<parameter name="fields" required="false" type="string">
				<help><![CDATA[ Validate on all or one or a list of fields (properties) on the target, by default we validate all fields declared in its constraints ]]></help>
			</parameter>
			<parameter name="constraints" required="false" type="any">
				<help><![CDATA[ The shared constraint name to use, or an actual constraints structure ]]></help>
			</parameter>
			<parameter name="locale" required="false" type="string">
				<help><![CDATA[ The locale to validate in ]]></help>
			</parameter>
			<parameter name="excludeFields" required="false" type="string">
				<help><![CDATA[ The fields to exclude in the validation ]]></help>
			</parameter>
			</function>
	<function name="getResource" returns="any">
			<help><![CDATA[ Facade to i18n.getResource. Returns a string. (Context: FrameworkSupertype) ]]></help>
		<parameter name="resource" required="true" type="any">
				<help><![CDATA[ The resource to retrieve from the loaded localized bundle ]]></help>
			</parameter>
			<parameter name="default" required="false" type="any">
				<help><![CDATA[ A default value to send back if resource not found ]]></help>
			</parameter>
			<parameter name="locale" required="false" type="any">
				<help><![CDATA[ Pass in which locale to take the resource from. By default it uses the user's current set locale ]]></help>
			</parameter>
			</function>
	<function name="$htmlhead" returns="void">
			<help><![CDATA[ Facade to cfhtmlhead (Context: FrameworkSupertype) ]]></help>
		<parameter name="content" required="true" type="string">
				<help><![CDATA[ The content to send to the head ]]></help>
			</parameter>
			</function>
	<function name="announceInterception" returns="any">
			<help><![CDATA[ Announce an interception to the system. If you use the asynchronous facilities, you will get a thread structure report as a result. (Context: FrameworkSupertype) ]]></help>
		<parameter name="state" required="true" type="any">
				<help><![CDATA[ The interception state to execute ]]></help>
			</parameter>
			<parameter name="interceptData" required="false" type="any">
				<help><![CDATA[ A data structure used to pass intercepted information. ]]></help>
			</parameter>
			<parameter name="async" required="false" type="boolean">
				<help><![CDATA[ If true, the entire interception chain will be ran in a separate thread. ]]></help>
			</parameter>
			<parameter name="asyncAll" required="false" type="boolean">
				<help><![CDATA[ If true, each interceptor in the interception chain will be ran in a separate thread and then joined together at the end. ]]></help>
			</parameter>
			<parameter name="asyncAllJoin" required="false" type="boolean">
				<help><![CDATA[ If true, each interceptor in the interception chain will be ran in a separate thread and joined together at the end by default.  If you set this flag to false then there will be no joining and waiting for the threads to finalize. ]]></help>
			</parameter>
			<parameter name="asyncPriority" required="false" type="string">
				<help><![CDATA[ The thread priority to be used. Either LOW, NORMAL or HIGH. The default value is NORMAL ]]></help>
			</parameter>
			<parameter name="asyncJoinTimeout" required="false" type="numeric">
				<help><![CDATA[ The timeout in milliseconds for the join thread to wait for interceptor threads to finish.  By default there is no timeout. ]]></help>
			</parameter>
			</function>
	<function name="setDebugMode" returns="void">
			<help><![CDATA[ Facade to set your debug mode (Context: FrameworkSupertype) ]]></help>
		<parameter name="mode" required="true" type="boolean">
				<help><![CDATA[  ]]></help>
			</parameter>
			</function>
	<function name="persistVariables" returns="void">
			<help><![CDATA[ Persist variables for flash redirections (Context: FrameworkSupertype) ]]></help>
		<parameter name="persist" required="false" type="string">
				<help><![CDATA[ What request collection keys to persist in the relocation ]]></help>
			</parameter>
			<parameter name="persistStruct" required="false" type="struct">
				<help><![CDATA[ A structure key-value pairs to persist. ]]></help>
			</parameter>
			</function>
	<function name="setSetting" returns="void">
			<help><![CDATA[ Facade (Context: FrameworkSupertype) ]]></help>
		<parameter name="name" required="true" type="any">
				<help><![CDATA[  ]]></help>
			</parameter>
			<parameter name="value" required="true" type="any">
				<help><![CDATA[  ]]></help>
			</parameter>
			</function>
	<function name="getfwLocale" returns="any">
			<help><![CDATA[ Get the user's currently set locale or default locale (Context: FrameworkSupertype) ]]></help>
		</function>
	<function name="renderExternalView" returns="Any">
			<help><![CDATA[ Renders external views (Context: FrameworkSupertype) ]]></help>
		<parameter name="view" required="true" type="any">
				<help><![CDATA[ The full path to the view. This can be an expanded path or relative. Include extension. ]]></help>
			</parameter>
			<parameter name="cache" required="false" type="any">
				<help><![CDATA[ True if you want to cache the view. ]]></help>
			</parameter>
			<parameter name="cacheTimeout" required="false" type="any">
				<help><![CDATA[ The cache timeout ]]></help>
			</parameter>
			<parameter name="cacheLastAccessTimeout" required="false" type="any">
				<help><![CDATA[ The last access timeout ]]></help>
			</parameter>
			<parameter name="cacheSuffix" required="false" type="any">
				<help><![CDATA[ Add a cache suffix to the view cache entry. Great for multi-domain caching or i18n caching. ]]></help>
			</parameter>
			<parameter name="args" required="false" type="struct">
				<help><![CDATA[ An optional set of arguments that will be available to this layouts/view rendering ONLY ]]></help>
			</parameter>
			</function>
	<function name="getMyPlugin" returns="any">
			<help><![CDATA[ Facade (Context: FrameworkSupertype) ]]></help>
		<parameter name="plugin" required="true" type="any">
				<help><![CDATA[ The plugin name as a string ]]></help>
			</parameter>
			<parameter name="newInstance" required="false" type="any">
				<help><![CDATA[  ]]></help>
			</parameter>
			<parameter name="module" required="false" type="any">
				<help><![CDATA[ The module to retrieve the plugin from ]]></help>
			</parameter>
			<parameter name="init" required="false" type="any">
				<help><![CDATA[ Auto init() the plugin upon construction ]]></help>
			</parameter>
			</function>
	<function name="$throw" returns="any">
			<help><![CDATA[ Facade for cfthrow (Context: FrameworkSupertype) ]]></help>
		<parameter name="message" required="yes" type="string">
				<help><![CDATA[  ]]></help>
			</parameter>
			<parameter name="detail" required="no" type="string">
				<help><![CDATA[  ]]></help>
			</parameter>
			<parameter name="type" required="no" type="string">
				<help><![CDATA[  ]]></help>
			</parameter>
			</function>
	<function name="getMailSettings" returns="any">
			<help><![CDATA[ I will return to you a mailsettingsBean modeled after your mail settings in your config file. (Context: FrameworkSupertype) ]]></help>
		</function>
	<function name="runEvent" returns="any">
			<help><![CDATA[ Facade to controller's runEvent() method. (Context: FrameworkSupertype) ]]></help>
		<parameter name="event" required="false" type="any">
				<help><![CDATA[  ]]></help>
			</parameter>
			<parameter name="prepostExempt" required="false" type="any">
				<help><![CDATA[ If true, pre/post handlers will not be fired. Boolean ]]></help>
			</parameter>
			<parameter name="private" required="false" type="any">
				<help><![CDATA[ Execute a private event or not, default is false ]]></help>
			</parameter>
			<parameter name="default" required="false" type="any">
				<help><![CDATA[ The flag that let's this service now if it is the default set event running or not. USED BY THE FRAMEWORK ONLY ]]></help>
			</parameter>
			<parameter name="eventArguments" required="false" type="any">
				<help><![CDATA[ A collection of arguments to passthrough to the calling event handler method. struct ]]></help>
			</parameter>
			</function>
	<function name="locateDirectoryPath" returns="string">
			<help><![CDATA[ Locate the real path location of a directory in a coldbox application. 3 checks: 1) inside of coldbox app, 2) expand the path, 3) Absolute location. If path not found, it returns an empty path (Context: FrameworkSupertype) ]]></help>
		<parameter name="pathToCheck" required="true" type="any">
				<help><![CDATA[ The path to check ]]></help>
			</parameter>
			</function>
	</functions>


<cfscopes>
	<scopevar name="logbox">
		<help><![CDATA[This is LogBox, an enterprise logger. Please remember to persist this factory once it has been created.]]></help>
		<scopevar name="getVersion()">
			<help><![CDATA[Get the LogBox version string.]]></help>
		</scopevar>
	<scopevar name="registerAppender(name,class,[properties],[layout],[levelMin],[levelMax])">
			<help><![CDATA[Register a new appender object in the appender registry.]]></help>
		</scopevar>
	<scopevar name="getCurrentAppenders()">
			<help><![CDATA[Get the list of currently registered appenders.]]></help>
		</scopevar>
	<scopevar name="locateCategoryParentLogger(category)">
			<help><![CDATA[Get a parent logger according to category convention inheritance.  If not found, it returns the root logger.]]></help>
		</scopevar>
	<scopevar name="configure(config)">
			<help><![CDATA[Configure logbox for operation. You can also re-configure LogBox programmatically. Basically we register all appenders here and all categories]]></help>
		</scopevar>
	<scopevar name="getAppendersMap(appenders)">
			<help><![CDATA[Get a map of appenders by list. Usually called to get a category of appenders.]]></help>
		</scopevar>
	<scopevar name="getRootLogger()">
			<help><![CDATA[Get the root logger]]></help>
		</scopevar>
	<scopevar name="getUtil()">
			<help><![CDATA[Create and return a util object]]></help>
		</scopevar>
	<scopevar name="getLogger(category)">
			<help><![CDATA[Get a logger object configured with a category name and appenders. If not configured, then it reverts to the root logger defined for this instance of LogBox]]></help>
		</scopevar>
	<scopevar name="getConfig()">
			<help><![CDATA[Get this LogBox's configuration object.]]></help>
		</scopevar>
	<scopevar name="init(config,[coldbox])">
			<help><![CDATA[Constructor]]></help>
		</scopevar>
	<scopevar name="getCurrentLoggers()">
			<help><![CDATA[Get the list of currently instantiated loggers.]]></help>
		</scopevar>
</scopevar>
	<scopevar name="flash">
		<help><![CDATA[An abstract flash scope that can be used to build ColdBox Flash scopes]]></help>
		<scopevar name="getProperty(property)">
			<help><![CDATA[Get a flash scope property, throws exception if not found.]]></help>
		</scopevar>
	<scopevar name="propertyExists(property)">
			<help><![CDATA[Checks wether a given flash scope property exists or not.]]></help>
		</scopevar>
	<scopevar name="init(controller,[defaults])">
			<help><![CDATA[Constructor]]></help>
		</scopevar>
	<scopevar name="keep([keys])">
			<help><![CDATA[Keep all or a single flash temp variable alive for another relocation.]]></help>
		</scopevar>
	<scopevar name="statusMarks([keys],keep)">
			<help><![CDATA[Change the status marks of the temp scope entries]]></help>
		</scopevar>
	<scopevar name="getDefaults()">
			<help><![CDATA[Get flash scope default data packet]]></help>
		</scopevar>
	<scopevar name="removeFlash()">
			<help><![CDATA[Remove the entire flash storage]]></help>
		</scopevar>
	<scopevar name="flashExists()">
			<help><![CDATA[Checks if the flash storage exists and IT HAS DATA to inflate.]]></help>
		</scopevar>
	<scopevar name="getController()">
			<help><![CDATA[Get the controller reference]]></help>
		</scopevar>
	<scopevar name="setProperty(property,value)">
			<help><![CDATA[Set a flash scope property]]></help>
		</scopevar>
	<scopevar name="clear()">
			<help><![CDATA[Clear the temp flash scope and remove all data]]></help>
		</scopevar>
	<scopevar name="saveFlash()">
			<help><![CDATA[Save the flash storage in preparing to go to the next request]]></help>
		</scopevar>
	<scopevar name="isEmpty()">
			<help><![CDATA[Check if the flash scope is empty or not]]></help>
		</scopevar>
	<scopevar name="getScope()">
			<help><![CDATA[Get the flash temp request storage used throughout a request until flashed at the end of a request.]]></help>
		</scopevar>
	<scopevar name="getUtil()">
			<help><![CDATA[Get the coldbox utility class]]></help>
		</scopevar>
	<scopevar name="put(name,value,[saveNow],[keep],[inflateToRC],[inflateToPRC],[autoPurge])">
			<help><![CDATA[Put an object in temp flash scope]]></help>
		</scopevar>
	<scopevar name="remove(name,[saveNow])">
			<help><![CDATA[Remove an object from flash scope]]></help>
		</scopevar>
	<scopevar name="setProperties(properties)">
			<help><![CDATA[Set flash scope properties]]></help>
		</scopevar>
	<scopevar name="persistRC([include],[exclude],[saveNow])">
			<help><![CDATA[Persist keys from the coldbox request collection in flash scope. If using exclude, then it will try to persist the entire rc but excluding.  Including will only include the keys passed.]]></help>
		</scopevar>
	<scopevar name="inflateFlash()">
			<help><![CDATA[Inflate the flash storage into the request collection and request temp storage]]></help>
		</scopevar>
	<scopevar name="exists(name)">
			<help><![CDATA[Check if an object exists in flash scope]]></help>
		</scopevar>
	<scopevar name="putAll(map,[saveNow],[keep],[inflateToRC],[inflateToPRC],[autoPurge])">
			<help><![CDATA[Put a map of name-value pairs into the flash scope]]></help>
		</scopevar>
	<scopevar name="getFlash()">
			<help><![CDATA[Get the flash storage structure to inflate it.]]></help>
		</scopevar>
	<scopevar name="clearFlash()">
			<help><![CDATA[Clear the flash storage]]></help>
		</scopevar>
	<scopevar name="getKeys()">
			<help><![CDATA[Get a list of all the objects in the temp flash scope]]></help>
		</scopevar>
	<scopevar name="size()">
			<help><![CDATA[Get the size of the items in flash scope]]></help>
		</scopevar>
	<scopevar name="getProperties()">
			<help><![CDATA[Get flash scope properties]]></help>
		</scopevar>
	<scopevar name="get(name,[default])">
			<help><![CDATA[Get an object from flash scope]]></help>
		</scopevar>
	<scopevar name="discard([keys])">
			<help><![CDATA[Mark for discard all or a single flash temp variable for another relocation. You can also remove them if you like.]]></help>
		</scopevar>
</scopevar>
	<scopevar name="binder">
		<help><![CDATA[This is a WireBox configuration binder object.  You can use it to configure a WireBox injector instance using our WireBox Mapping DSL]]></help>
		<scopevar name="getProperties()">
			<help><![CDATA[Get the binded properties structure]]></help>
		</scopevar>
	<scopevar name="getScanLocations()">
			<help><![CDATA[Get the linked map of package scan locations for CFCs]]></help>
		</scopevar>
	<scopevar name="getCustomScopes()">
			<help><![CDATA[Get the registered custom scopes]]></help>
		</scopevar>
	<scopevar name="getLogBoxConfig()">
			<help><![CDATA[Get the logBox Configuration file to use]]></help>
		</scopevar>
	<scopevar name="parent(alias)">
			<help><![CDATA[this method lets you use an abstract or parent mapping as a template for other like objects]]></help>
		</scopevar>
	<scopevar name="getParentInjector()">
			<help><![CDATA[Get the parent injector reference this binder is linked to]]></help>
		</scopevar>
	<scopevar name="getMappings()">
			<help><![CDATA[Get all the registered object mappings structure]]></help>
		</scopevar>
	<scopevar name="configure()">
			<help><![CDATA[The main configuration method that must be overriden by a specific WireBox Binder configuration object]]></help>
		</scopevar>
	<scopevar name="reset()">
			<help><![CDATA[Reset the configuration back to the original binder defaults]]></help>
		</scopevar>
	<scopevar name="mapScope(annotation,path)">
			<help><![CDATA[Register a new WireBox custom scope]]></help>
		</scopevar>
	<scopevar name="getStopRecursions()">
			<help><![CDATA[Get all the stop recursion classes array]]></help>
		</scopevar>
	<scopevar name="asEagerInit()">
			<help><![CDATA[If this method is called, the mapped object will be created once the injector starts up. Basically, not lazy loaded]]></help>
		</scopevar>
	<scopevar name="mixins(mixins)">
			<help><![CDATA[Adds one, a list or an array of UDF templates to mixin to a CFC]]></help>
		</scopevar>
	<scopevar name="property(name,[ref],[dsl],[value],[javaCast],[scope])">
			<help><![CDATA[Map a cfproperty to a mapping]]></help>
		</scopevar>
	<scopevar name="scopeRegistration([enabled],[scope],[key])">
			<help><![CDATA[Use to define injector scope registration]]></help>
		</scopevar>
	<scopevar name="constructor(constructor)">
			<help><![CDATA[You can choose what method will be treated as the constructor. By default the value is 'init', so don't call this method if that is the case.]]></help>
		</scopevar>
	<scopevar name="init(injector,[config],[properties])">
			<help><![CDATA[Constructor: You can pass a data CFC instance, data CFC path or nothing at all for purely programmatic configuration]]></help>
		</scopevar>
	<scopevar name="getMapping(name)">
			<help><![CDATA[Get a specific object mapping: coldbox.system.ioc.config.Mapping]]></help>
		</scopevar>
	<scopevar name="getCustomDSL()">
			<help><![CDATA[Get the custom dsl namespace registration structure]]></help>
		</scopevar>
	<scopevar name="notThreadSafe()">
			<help><![CDATA[This is the default wiring of objects that allow circular dependencies.  By default all object's constructors are the only thread safe areas]]></help>
		</scopevar>
	<scopevar name="inCacheBox([key],[timeout],[lastAccessTimeout],[provider])">
			<help><![CDATA[Map an object into CacheBox]]></help>
		</scopevar>
	<scopevar name="toDSL(dsl)">
			<help><![CDATA[Map to a dsl that will be used to create the mapped object]]></help>
		</scopevar>
	<scopevar name="logBoxConfig(config)">
			<help><![CDATA[Set the logBox Configuration to use]]></help>
		</scopevar>
	<scopevar name="match()">
			<help><![CDATA[Create a new matcher class for usage in class or method matching]]></help>
		</scopevar>
	<scopevar name="processMappings()">
			<help><![CDATA[Process all registered mappings, called by injector when ready to start serving requests]]></help>
		</scopevar>
	<scopevar name="mapAspect(aspect,autoBinding)">
			<help><![CDATA[Map a new aspect]]></help>
		</scopevar>
	<scopevar name="toValue(value)">
			<help><![CDATA[Map to a constant value]]></help>
		</scopevar>
	<scopevar name="asSingleton()">
			<help><![CDATA[Map as a singleton, shortcut to using 'in( this.SCOPES.SINGLETON )']]></help>
		</scopevar>
	<scopevar name="listener(class,[properties],[name])">
			<help><![CDATA[Add a new listener configuration.]]></help>
		</scopevar>
	<scopevar name="getAppMapping()">
			<help><![CDATA[Get the ColdBox app mapping variable if context linked]]></help>
		</scopevar>
	<scopevar name="removeScanLocations(locations)">
			<help><![CDATA[Try to remove all the scan locations passed in]]></help>
		</scopevar>
	<scopevar name="mapPath(path)">
			<help><![CDATA[Directly map to a path by using the last part of the path as the alias. This is equivalent to map('MyService').to('model.MyService'). Only use if the name of the alias is the same as the last part of the path.]]></help>
		</scopevar>
	<scopevar name="into(scope)">
			<help><![CDATA[Map an object into a specific persistence scope]]></help>
		</scopevar>
	<scopevar name="getInjector()">
			<help><![CDATA[Get the bounded injector for this binder]]></help>
		</scopevar>
	<scopevar name="noInit()">
			<help><![CDATA[If you call this method on an object mapping, the object's constructor will not be called. By default all constructors are called.]]></help>
		</scopevar>
	<scopevar name="toProvider(provider)">
			<help><![CDATA[Map to a provider object that must implement coldbox.system.ioc.IProvider]]></help>
		</scopevar>
	<scopevar name="providerMethod(method,mapping)">
			<help><![CDATA[Add a new provider method mapping]]></help>
		</scopevar>
	<scopevar name="scanLocations(locations)">
			<help><![CDATA[Register one or more package scan locations for CFC lookups]]></help>
		</scopevar>
	<scopevar name="setMapping(name,mapping)">
			<help><![CDATA[Set a mapping object into the mappings map]]></help>
		</scopevar>
	<scopevar name="toFactoryMethod(factory,method)">
			<help><![CDATA[Map to a factory and its executing method.]]></help>
		</scopevar>
	<scopevar name="getScopeRegistration()">
			<help><![CDATA[Get the scope registration details structure]]></help>
		</scopevar>
	<scopevar name="bindAspect(classes,methods,aspects)">
			<help><![CDATA[Bind a aspects to classes and methods]]></help>
		</scopevar>
	<scopevar name="getColdBox()">
			<help><![CDATA[Get the bounded ColdBox context for this binder, if any]]></help>
		</scopevar>
	<scopevar name="map(alias)">
			<help><![CDATA[Create a mapping to an object]]></help>
		</scopevar>
	<scopevar name="unMap(name)">
			<help><![CDATA[Destroys a mapping by name]]></help>
		</scopevar>
	<scopevar name="mappingExists(name)">
			<help><![CDATA[Check if an object mapping exists]]></help>
		</scopevar>
	<scopevar name="getCacheBoxConfig()">
			<help><![CDATA[Get the CacheBox Configuration Integration structure]]></help>
		</scopevar>
	<scopevar name="initWith()">
			<help><![CDATA[Positional or named value arguments to use when initializing the mapping. (CFC-only)]]></help>
		</scopevar>
	<scopevar name="toWebservice(path)">
			<help><![CDATA[Map to a webservice destination class path.]]></help>
		</scopevar>
	<scopevar name="setProperty(name,value)">
			<help><![CDATA[Create a new binding property]]></help>
		</scopevar>
	<scopevar name="parentInjector(injector)">
			<help><![CDATA[Link a parent injector to this configuration binder]]></help>
		</scopevar>
	<scopevar name="getDefaults()">
			<help><![CDATA[Get the default WireBox settings structure]]></help>
		</scopevar>
	<scopevar name="toRSS(path)">
			<help><![CDATA[Map to a rss destination class path.]]></help>
		</scopevar>
	<scopevar name="methodArg([name],[ref],[dsl],[value],[javaCast])">
			<help><![CDATA[Map a method argument to a factory method]]></help>
		</scopevar>
	<scopevar name="getListeners()">
			<help><![CDATA[Get the configured listeners array]]></help>
		</scopevar>
	<scopevar name="toJava(path)">
			<help><![CDATA[Map to a java destination class path.]]></help>
		</scopevar>
	<scopevar name="mapDSL(namespace,path)">
			<help><![CDATA[Register a new custom dsl namespace]]></help>
		</scopevar>
	<scopevar name="mapDirectory(packagePath,include,exclude)">
			<help><![CDATA[Maps an entire instantiation path directory, please note that the unique name of each file will be used and also processed for alias inspection]]></help>
		</scopevar>
	<scopevar name="initArg([name],[ref],[dsl],[value],[javaCast])">
			<help><![CDATA[Map a constructor argument to a mapping]]></help>
		</scopevar>
	<scopevar name="setter(name,[ref],[dsl],[value],[javaCast],[argName])">
			<help><![CDATA[Map a setter function to a mapping]]></help>
		</scopevar>
	<scopevar name="onDIComplete(methods)">
			<help><![CDATA[The methods to execute once DI completes on the mapping]]></help>
		</scopevar>
	<scopevar name="stopRecursions(classes)">
			<help><![CDATA[Configure the stop recursion classes]]></help>
		</scopevar>
	<scopevar name="extraAttributes(data)">
			<help><![CDATA[Adds a structure of metadata to be stored with the mapping for later retrieval by the developer in events, manually or builders.]]></help>
		</scopevar>
	<scopevar name="propertyExists(name)">
			<help><![CDATA[Checks if a property exists]]></help>
		</scopevar>
	<scopevar name="loadDataDSL([rawDSL])">
			<help><![CDATA[Load a data configuration CFC data DSL]]></help>
		</scopevar>
	<scopevar name="threadSafe()">
			<help><![CDATA[Tells persistence scopes to build, wire, and do onDIComplete() on objects in an isolated lock. This will disallow circular references unless object providers are used.  By default all object's constructors are the only thread safe areas]]></help>
		</scopevar>
	<scopevar name="setProperties(properties)">
			<help><![CDATA[Set the binded properties structure]]></help>
		</scopevar>
	<scopevar name="getMemento()">
			<help><![CDATA[Get the instance data structure]]></help>
		</scopevar>
	<scopevar name="getCurrentMapping()">
			<help><![CDATA[Get the current set mapping (UTILITY method)]]></help>
		</scopevar>
	<scopevar name="to(path)">
			<help><![CDATA[Map to a destination CFC class path.]]></help>
		</scopevar>
	<scopevar name="virtualInheritance(mapping)">
			<help><![CDATA[Tells WireBox to do a virtual inheritance mixin of the target and this passed mapping]]></help>
		</scopevar>
	<scopevar name="noAutowire()">
			<help><![CDATA[If you call this method on an object mapping, the object will NOT be inspected for injection/wiring metadata, it will use ONLY whatever you define in the mapping.]]></help>
		</scopevar>
	<scopevar name="with(alias)">
			<help><![CDATA[Used to set the current working mapping name in place for the maping DSL. An exception is thrown if the mapping does not exist yet.]]></help>
		</scopevar>
	<scopevar name="getProperty(name,[default])">
			<help><![CDATA[Get a binded property. If not found it will try to return the default value passed, else it returns an exception]]></help>
		</scopevar>
	<scopevar name="cacheBox([configFile],[cacheFactory],[enabled],[classNamespace])">
			<help><![CDATA[Integrate with CacheBox]]></help>
		</scopevar>
	<scopevar name="getAspectBindings()">
			<help><![CDATA[Get the collection of aspect bindings for this binder]]></help>
		</scopevar>
</scopevar>
	<scopevar name="event">
		<help><![CDATA[The request context object simulates a user request. It has two internal data collections: one public and one private.  You can also manipulate the request stream and contents from this object.]]></help>
		<scopevar name="setProxyRequest()">
			<help><![CDATA[Set that this is a proxy request]]></help>
		</scopevar>
	<scopevar name="setViewCacheableEntry(mdCacheEntry)">
			<help><![CDATA[Set the view cacheable entry]]></help>
		</scopevar>
	<scopevar name="isAjax()">
			<help><![CDATA[Determines if in an Ajax call or not by looking at the request headers]]></help>
		</scopevar>
	<scopevar name="getHTTPBasicCredentials()">
			<help><![CDATA[Returns the username and password sent via HTTP basic authentication]]></help>
		</scopevar>
	<scopevar name="renderData(type,data,contentType,[encoding],[statusCode],[statusText],[location],[jsonCallback],[jsonQueryFormat],[jsonAsText],[xmlColumnList],[xmlUseCDATA],[xmlListDelimiter],[xmlRootName],[pdfArgs])">
			<help><![CDATA[Use this method to tell the framework to render data for you. The framework will take care of marshalling the data for you]]></help>
		</scopevar>
	<scopevar name="getSESBaseURL()">
			<help><![CDATA[Get the ses base URL for this request]]></help>
		</scopevar>
	<scopevar name="setSESBaseURL(sesBaseURL)">
			<help><![CDATA[Set the ses base URL for this request]]></help>
		</scopevar>
	<scopevar name="getCurrentRoutedURL()">
			<help><![CDATA[Get the current routed URL that matched the SES route]]></help>
		</scopevar>
	<scopevar name="getRenderData()">
			<help><![CDATA[Get the renderData structure.]]></help>
		</scopevar>
	<scopevar name="getHTTPMethod()">
			<help><![CDATA[Get the HTTP Request Method Type]]></help>
		</scopevar>
	<scopevar name="getSize([private])">
			<help><![CDATA[Returns the number of elements in the collection]]></help>
		</scopevar>
	<scopevar name="init(properties)">
			<help><![CDATA[constructor]]></help>
		</scopevar>
	<scopevar name="isSES()">
			<help><![CDATA[Determine if you are in SES mode.]]></help>
		</scopevar>
	<scopevar name="getCurrentHandler()">
			<help><![CDATA[Gets the current handler requested in the current event: String]]></help>
		</scopevar>
	<scopevar name="getFolderLayouts()">
			<help><![CDATA[Get the registered folder layout associations map]]></help>
		</scopevar>
	<scopevar name="getEventCacheableEntry()">
			<help><![CDATA[Get the event cacheable entry]]></help>
		</scopevar>
	<scopevar name="getCollection([deepCopyFlag],[private])">
			<help><![CDATA[I Get a reference or deep copy of the public or private request Collection]]></help>
		</scopevar>
	<scopevar name="isEventCacheable()">
			<help><![CDATA[Check wether the incoming event has been flagged for caching. Boolean]]></help>
		</scopevar>
	<scopevar name="setMemento(memento)">
			<help><![CDATA[Set the state of this request context]]></help>
		</scopevar>
	<scopevar name="removeValue(name,[private])">
			<help><![CDATA[I remove a value in the request collection]]></help>
		</scopevar>
	<scopevar name="getEventName()">
			<help><![CDATA[The event name used by the application: String]]></help>
		</scopevar>
	<scopevar name="getTrimValue(name,[defaultValue],[private])">
			<help><![CDATA[I Get a value from the request collection and if simple value, I will trim it.]]></help>
		</scopevar>
	<scopevar name="getCurrentLayoutModule()">
			<help><![CDATA[Gets the current set layout's module for rendering]]></help>
		</scopevar>
	<scopevar name="getHTTPContent()">
			<help><![CDATA[Get the raw HTTP content]]></help>
		</scopevar>
	<scopevar name="buildLink(linkto,[translate],[ssl],[baseURL],[queryString])">
			<help><![CDATA[Builds a link to a passed event, either SES or normal link. If the ses interceptor is declared it will create routes.]]></help>
		</scopevar>
	<scopevar name="getCurrentAction()">
			<help><![CDATA[Gets the current action requested in the current event: String]]></help>
		</scopevar>
	<scopevar name="getRoutedStruct()">
			<help><![CDATA[Get the routed structure of key-value pairs. What the ses interceptor could match.]]></help>
		</scopevar>
	<scopevar name="noRender([remove])">
			<help><![CDATA[Set the flag that tells the framework not to render, just execute]]></help>
		</scopevar>
	<scopevar name="getCurrentViewArgs()">
			<help><![CDATA[Gets the current set view the framework will try to render for this request]]></help>
		</scopevar>
	<scopevar name="getCurrentLayout()">
			<help><![CDATA[Gets the current set layout for rendering]]></help>
		</scopevar>
	<scopevar name="getCurrentRoutedNamespace()">
			<help><![CDATA[Get the current routed namespace that matched the SES route, if any]]></help>
		</scopevar>
	<scopevar name="getCurrentViewModule()">
			<help><![CDATA[Gets the current set views's module for rendering]]></help>
		</scopevar>
	<scopevar name="setRoutedStruct(routedStruct)">
			<help><![CDATA[Set routed struct of key-value pairs. This is used only by the SES interceptor. Not for public use.]]></help>
		</scopevar>
	<scopevar name="setLayout(name,[module])">
			<help><![CDATA[I Set the layout to override and render. Layouts are pre-defined in the config file. However I can override these settings if needed. Do not append a the cfm extension. Private Request Collection name: currentLayout]]></help>
		</scopevar>
	<scopevar name="$dump(var,[isAbort])">
			<help><![CDATA[Facade for cfmx dump]]></help>
		</scopevar>
	<scopevar name="paramValue(name,value,[private])">
			<help><![CDATA[Just like cfparam, but for the request collection]]></help>
		</scopevar>
	<scopevar name="setView([view],[nolayout],[cache],[cacheTimeout],[cacheLastAccessTimeout],[cacheSuffix],[cacheProvider],[layout],[module],[args])">
			<help><![CDATA[I Set the view to render in this request. Private Request Collection Name: currentView, currentLayout]]></help>
		</scopevar>
	<scopevar name="clearCollection([private])">
			<help><![CDATA[Clears the entire collection]]></help>
		</scopevar>
	<scopevar name="setValue(name,value,[private])">
			<help><![CDATA[I Set a value in the request collection]]></help>
		</scopevar>
	<scopevar name="getCurrentView()">
			<help><![CDATA[Gets the current set view the framework will try to render for this request]]></help>
		</scopevar>
	<scopevar name="removeEventCacheableEntry()">
			<help><![CDATA[Remove the cacheable entry]]></help>
		</scopevar>
	<scopevar name="isProxyRequest()">
			<help><![CDATA[Is this a coldbox proxy request]]></help>
		</scopevar>
	<scopevar name="getHTTPHeader(header,[default])">
			<help><![CDATA[Get a HTTP header]]></help>
		</scopevar>
	<scopevar name="getViewCacheableEntry()">
			<help><![CDATA[Get the event cacheable entry]]></help>
		</scopevar>
	<scopevar name="setHTTPHeader([statusCode],[statusText],[name],[value],[charset])">
			<help><![CDATA[Set an HTTP Header]]></help>
		</scopevar>
	<scopevar name="getSelf()">
			<help><![CDATA[Returns index.cfm?{eventName}= : String]]></help>
		</scopevar>
	<scopevar name="getCurrentRoute()">
			<help><![CDATA[Get the current request's SES route that matched]]></help>
		</scopevar>
	<scopevar name="getCurrentEvent()">
			<help><![CDATA[Gets the current incoming event]]></help>
		</scopevar>
	<scopevar name="noLayout()">
			<help><![CDATA[Mark this request to not use a layout for rendering]]></help>
		</scopevar>
	<scopevar name="getRegisteredLayouts()">
			<help><![CDATA[Get all the registered layouts in the configuration file]]></help>
		</scopevar>
	<scopevar name="setDefaultView(DefaultView)">
			<help><![CDATA[Override the default view for a request]]></help>
		</scopevar>
	<scopevar name="getDebugPanelFlag()">
			<help><![CDATA[I return the debugpanel flag for this request.]]></help>
		</scopevar>
	<scopevar name="getCurrentModule()">
			<help><![CDATA[Gets the current module name, else returns empty string]]></help>
		</scopevar>
	<scopevar name="setisSES(isSES)">
			<help><![CDATA[Set the isSES flag, usualy done by the SES interceptor]]></help>
		</scopevar>
	<scopevar name="getViewLayouts()">
			<help><![CDATA[Get the registered view layout associations map]]></help>
		</scopevar>
	<scopevar name="getModuleRoot([module])">
			<help><![CDATA[Convenience method to get the current request's module root path. If no module, then returns empty path. You can also get this from the modules settings.]]></help>
		</scopevar>
	<scopevar name="getDefaultLayout()">
			<help><![CDATA[Get's the default layout of the application: String]]></help>
		</scopevar>
	<scopevar name="setDefaultLayout(DefaultLayout)">
			<help><![CDATA[Override the default layout for a request]]></help>
		</scopevar>
	<scopevar name="collectionAppend(collection,[overwrite],[private])">
			<help><![CDATA[Append a structure to the collection, with overwrite or not. Overwrite = false by default]]></help>
		</scopevar>
	<scopevar name="getDefaultView()">
			<help><![CDATA[Get's the default view of the application: String]]></help>
		</scopevar>
	<scopevar name="valueExists(name,[private])">
			<help><![CDATA[I Check if a value exists in the request collection.]]></help>
		</scopevar>
	<scopevar name="noExecution()">
			<help><![CDATA[Set that the request will not execute an incoming event. Most likely simulating a servlet call.]]></help>
		</scopevar>
	<scopevar name="isNoExecution()">
			<help><![CDATA[Determine if we need to execute an incoming event or not.]]></help>
		</scopevar>
	<scopevar name="$throw(message,[detail],[type])">
			<help><![CDATA[Facade for cfthrow]]></help>
		</scopevar>
	<scopevar name="isViewCacheable()">
			<help><![CDATA[Check wether the incoming view has been flagged for caching]]></help>
		</scopevar>
	<scopevar name="getValue(name,[defaultValue],[private])">
			<help><![CDATA[I Get a value from the public or private request collection.]]></help>
		</scopevar>
	<scopevar name="setEventCacheableEntry(mdCacheEntry)">
			<help><![CDATA[Set the event cacheable entry]]></help>
		</scopevar>
	<scopevar name="isNoRender()">
			<help><![CDATA[Is this a no render request]]></help>
		</scopevar>
	<scopevar name="getMemento()">
			<help><![CDATA[Get the state of this request context]]></help>
		</scopevar>
	<scopevar name="isSSL()">
			<help><![CDATA[Returns boolean result whether current request is in ssl or not]]></help>
		</scopevar>
	<scopevar name="overrideEvent([event])">
			<help><![CDATA[I Override the current event in the request collection. This method does not execute the event, it just replaces the event to be executed by the framework's RunEvent() method. This method is usually called from an onRequestStart or onApplicationStart method.]]></help>
		</scopevar>
	<scopevar name="showDebugPanel(show)">
			<help><![CDATA[I can override to show or not the debug panel. Very useful in AJAX debugging]]></help>
		</scopevar>
</scopevar>
	<scopevar name="wirebox">
		<help><![CDATA[A WireBox Injector: Builds the graphs of objects that make up your application.]]></help>
		<scopevar name="processProviderMethods(targetObject,mapping)">
			<help><![CDATA[Process provider methods on the selected target]]></help>
		</scopevar>
	<scopevar name="configureEventManager()">
			<help><![CDATA[Configure a standalone version of a WireBox Event Manager]]></help>
		</scopevar>
	<scopevar name="isCacheBoxLinked()">
			<help><![CDATA[Checks if CacheBox is linked]]></help>
		</scopevar>
	<scopevar name="shutdown()">
			<help><![CDATA[Shutdown the injector gracefully by calling the shutdown events internally.]]></help>
		</scopevar>
	<scopevar name="getVersion()">
			<help><![CDATA[Get the Injector's version string.]]></help>
		</scopevar>
	<scopevar name="getScopes()">
			<help><![CDATA[Get all the registered scopes structure in this injector]]></help>
		</scopevar>
	<scopevar name="injectTarget(target,propertyName,propertyObject,scope,argName)">
			<help><![CDATA[Inject a model object with dependencies via setters or property injections]]></help>
		</scopevar>
	<scopevar name="registerScopes()">
			<help><![CDATA[Register all internal and configured WireBox Scopes]]></help>
		</scopevar>
	<scopevar name="init([binder],[properties],[coldbox])">
			<help><![CDATA[Constructor. If called without a configuration binder, then WireBox will instantiate the default configuration binder found in: coldbox.system.ioc.config.DefaultBinder]]></help>
		</scopevar>
	<scopevar name="getObjectPopulator()">
			<help><![CDATA[Get an object populator useful for populating objects from JSON,XML, etc.]]></help>
		</scopevar>
	<scopevar name="getLogBox()">
			<help><![CDATA[Get the instance of LogBox configured for this Injector]]></help>
		</scopevar>
	<scopevar name="getUtil()">
			<help><![CDATA[Return the core util object]]></help>
		</scopevar>
	<scopevar name="processInjection(targetObject,DIData,targetID)">
			<help><![CDATA[Process property and setter injection]]></help>
		</scopevar>
	<scopevar name="getCacheBox()">
			<help><![CDATA[Get the instance of CacheBox linked in this Injector. Empty if using standalone version]]></help>
		</scopevar>
	<scopevar name="getScopeRegistration()">
			<help><![CDATA[Get the structure of scope registration information]]></help>
		</scopevar>
	<scopevar name="registerListeners()">
			<help><![CDATA[Register all the configured listeners in the configuration file]]></help>
		</scopevar>
	<scopevar name="getColdbox()">
			<help><![CDATA[Get the instance of ColdBox linked in this Injector. Empty if using standalone version]]></help>
		</scopevar>
	<scopevar name="registerNewInstance(name,instancePath)">
			<help><![CDATA[Register a new requested mapping object instance thread safely and returns the mapping configured for this instance]]></help>
		</scopevar>
	<scopevar name="doScopeRegistration()">
			<help><![CDATA[Register this injector on a user specified scope]]></help>
		</scopevar>
	<scopevar name="buildInstance(mapping,[initArguments])">
			<help><![CDATA[Build an instance, this is called from registered scopes only as they provide locking and transactions]]></help>
		</scopevar>
	<scopevar name="buildBinder(binder,properties)">
			<help><![CDATA[Load a configuration binder object according to passed in type]]></help>
		</scopevar>
	<scopevar name="clearSingletons()">
			<help><![CDATA[Clear the singleton cache]]></help>
		</scopevar>
	<scopevar name="getScopeStorage()">
			<help><![CDATA[Get the scope storage utility]]></help>
		</scopevar>
	<scopevar name="getBinder()">
			<help><![CDATA[Get the Injector's configuration binder object]]></help>
		</scopevar>
	<scopevar name="getParent()">
			<help><![CDATA[Get a reference to the parent injector instance, else an empty simple string meaning nothing is set]]></help>
		</scopevar>
	<scopevar name="configureCacheBox(config)">
			<help><![CDATA[Configure a standalone version of cacheBox for persistence]]></help>
		</scopevar>
	<scopevar name="containsInstance(name)">
			<help><![CDATA[Checks if this injector can locate a model instance or not]]></help>
		</scopevar>
	<scopevar name="setParent(injector)">
			<help><![CDATA[Link a parent Injector with this injector]]></help>
		</scopevar>
	<scopevar name="configureLogBox(configPath)">
			<help><![CDATA[Configure a standalone version of logBox for logging]]></help>
		</scopevar>
	<scopevar name="autowire(target,[mapping],[targetID],[annotationCheck])">
			<help><![CDATA[I wire up target objects with dependencies either by mappings or a-la-carte autowires]]></help>
		</scopevar>
	<scopevar name="configure(binder,properties)">
			<help><![CDATA[Configure this injector for operation, called by the init(). You can also re-configure this injector programmatically, but it is not recommended.]]></help>
		</scopevar>
	<scopevar name="processMixins(targetObject,mapping)">
			<help><![CDATA[Process mixins on the selected target]]></help>
		</scopevar>
	<scopevar name="removeFromScope()">
			<help><![CDATA[Remove the Injector from scope registration if enabled, else does nothing]]></help>
		</scopevar>
	<scopevar name="locateScopedSelf()">
			<help><![CDATA[Return a self reference using the scoped registration, mostly used by providers or scope widening objects]]></help>
		</scopevar>
	<scopevar name="isColdBoxLinked()">
			<help><![CDATA[Checks if Coldbox application context is linked]]></help>
		</scopevar>
	<scopevar name="getScope(scope)">
			<help><![CDATA[Get a registered scope in this injector by name]]></help>
		</scopevar>
	<scopevar name="locateInstance(name)">
			<help><![CDATA[Tries to locate a specific instance by scanning all scan locations and returning the instantiation path. If model not found then the returned instantiation path will be empty]]></help>
		</scopevar>
	<scopevar name="getInstance([name],[dsl],[initArguments])">
			<help><![CDATA[Locates, Creates, Injects and Configures an object model instance]]></help>
		</scopevar>
	<scopevar name="processAfterCompleteDI(targetObject,DICompleteMethods)">
			<help><![CDATA[Process after DI completion routines]]></help>
		</scopevar>
	<scopevar name="getInjectorID()">
			<help><![CDATA[Get the unique ID of this injector]]></help>
		</scopevar>
	<scopevar name="getEventManager()">
			<help><![CDATA[Get the injector's event manager]]></help>
		</scopevar>
</scopevar>
	<scopevar name="log">
		<help><![CDATA[This is a logging object that allows for all kinds of logging to occur within its appenders]]></help>
		<scopevar name="getRootLogger()">
			<help><![CDATA[Get the root logger]]></help>
		</scopevar>
	<scopevar name="init(category,[levelMin],[levelMax],[appenders])">
			<help><![CDATA[Create a new logger object.]]></help>
		</scopevar>
	<scopevar name="setCategory(category)">
			<help><![CDATA[Set the category for this logger]]></help>
		</scopevar>
	<scopevar name="warn(message,[extraInfo])">
			<help><![CDATA[I log a warning message.]]></help>
		</scopevar>
	<scopevar name="info(message,[extraInfo])">
			<help><![CDATA[I log an information message.]]></help>
		</scopevar>
	<scopevar name="debug(message,[extraInfo])">
			<help><![CDATA[I log a debug message.]]></help>
		</scopevar>
	<scopevar name="setRootLogger(RootLogger)">
			<help><![CDATA[Set the root logger for this named logger.]]></help>
		</scopevar>
	<scopevar name="canInfo()">
			<help><![CDATA[Can log info messages]]></help>
		</scopevar>
	<scopevar name="canWarn()">
			<help><![CDATA[Can log warn messages]]></help>
		</scopevar>
	<scopevar name="getlevelMin()">
			<help><![CDATA[Get the level min setting]]></help>
		</scopevar>
	<scopevar name="hasAppenders()">
			<help><![CDATA[Checks to see if we have registered any appenders yet]]></help>
		</scopevar>
	<scopevar name="error(message,[extraInfo])">
			<help><![CDATA[I log an error message.]]></help>
		</scopevar>
	<scopevar name="getlevelMax()">
			<help><![CDATA[Get the level Max setting]]></help>
		</scopevar>
	<scopevar name="setLevelMin(levelMin)">
			<help><![CDATA[Set the appender's default levelMin]]></help>
		</scopevar>
	<scopevar name="setLevelMax(levelMax)">
			<help><![CDATA[Set the appender's default levelMax]]></help>
		</scopevar>
	<scopevar name="canFatal()">
			<help><![CDATA[Can log fatal messages]]></help>
		</scopevar>
	<scopevar name="$throw(message,[detail],[type])">
			<help><![CDATA[Facade for cfthrow]]></help>
		</scopevar>
	<scopevar name="logMessage(message,severity,[extraInfo])">
			<help><![CDATA[Write an entry into the loggers registered with this LogBox instance.]]></help>
		</scopevar>
	<scopevar name="removeAppender(name)">
			<help><![CDATA[Unregister an appender from this Logger. True if successful or false otherwise.]]></help>
		</scopevar>
	<scopevar name="getAppender(name)">
			<help><![CDATA[Get a named appender from this logger class. If the appender does not exists, it will throw an exception.]]></help>
		</scopevar>
	<scopevar name="canLog(level)">
			<help><![CDATA[Checks wether a log can be made on this Logger using a passed in level]]></help>
		</scopevar>
	<scopevar name="getAppenders()">
			<help><![CDATA[Get all the registered appenders for this logger. ]]></help>
		</scopevar>
	<scopevar name="appenderExists(name)">
			<help><![CDATA[Checks to see if a specified appender exists by name.]]></help>
		</scopevar>
	<scopevar name="removeAllAppenders()">
			<help><![CDATA[Removes all appenders registered]]></help>
		</scopevar>
	<scopevar name="canDebug()">
			<help><![CDATA[Can log debug messages]]></help>
		</scopevar>
	<scopevar name="fatal(message,[extraInfo])">
			<help><![CDATA[I log a fatal message.]]></help>
		</scopevar>
	<scopevar name="addAppender(newAppender)">
			<help><![CDATA[Add a new appender to the list of appenders for this logger. If the appender already exists, then it will not be added.]]></help>
		</scopevar>
	<scopevar name="getCategory()">
			<help><![CDATA[Get the configured category for this logger]]></help>
		</scopevar>
	<scopevar name="canError()">
			<help><![CDATA[Can log error messages]]></help>
		</scopevar>
</scopevar>
	<scopevar name="cachebox">
		<help><![CDATA[The ColdBox CacheBox Factory]]></help>
		<scopevar name="init([config],[coldbox],[factoryID])">
			<help><![CDATA[Constructor]]></help>
		</scopevar>
	<scopevar name="removeCache(name)">
			<help><![CDATA[Try to remove a named cache from this factory, returns Boolean if successfull or not]]></help>
		</scopevar>
	<scopevar name="replaceCache(cache,decoratedCache)">
			<help><![CDATA[Replace a registered named cache with a new decorated cache of the same name.]]></help>
		</scopevar>
	<scopevar name="removeFromScope()">
			<help><![CDATA[Remove the cache factory from scope registration if enabled, else does nothing]]></help>
		</scopevar>
	<scopevar name="shutdownCache(name)">
			<help><![CDATA[Send a shutdown command to a specific cache provider to bring down gracefully. It also removes it from the cache factory]]></help>
		</scopevar>
	<scopevar name="getScopeRegistration()">
			<help><![CDATA[Get the scope registration information]]></help>
		</scopevar>
	<scopevar name="registerListeners()">
			<help><![CDATA[Register all the configured listeners in the configuration file]]></help>
		</scopevar>
	<scopevar name="expireAll()">
			<help><![CDATA[Expires all the elements in all the registered caches without de-registrations]]></help>
		</scopevar>
	<scopevar name="getUtil()">
			<help><![CDATA[Create and return a util object]]></help>
		</scopevar>
	<scopevar name="clearAll()">
			<help><![CDATA[Clears all the elements in all the registered caches without de-registrations]]></help>
		</scopevar>
	<scopevar name="getFactoryID()">
			<help><![CDATA[Get the unique ID of this cache factory]]></help>
		</scopevar>
	<scopevar name="createCache(name,provider,[properties])">
			<help><![CDATA[Create a new cache according the the arguments, register it and return it of type: coldbox.system.cache.ICacheProvider]]></help>
		</scopevar>
	<scopevar name="getVersion()">
			<help><![CDATA[Get the CacheBox version string.]]></help>
		</scopevar>
	<scopevar name="doScopeRegistration()">
			<help><![CDATA[Register this cachefactory on a user specified scope]]></help>
		</scopevar>
	<scopevar name="removeAll()">
			<help><![CDATA[Remove all the registered caches in this factory, this triggers individual cache shutdowns]]></help>
		</scopevar>
	<scopevar name="isColdBoxLinked()">
			<help><![CDATA[Checks if Coldbox application controller is linked]]></help>
		</scopevar>
	<scopevar name="getConfig()">
			<help><![CDATA[Get this LogBox's configuration object.]]></help>
		</scopevar>
	<scopevar name="configure(config)">
			<help><![CDATA[Configure the cache factory for operation, called by the init(). You can also re-configure CacheBox programmatically.]]></help>
		</scopevar>
	<scopevar name="getLogBox()">
			<help><![CDATA[Get the instance of LogBox configured for this cache factory]]></help>
		</scopevar>
	<scopevar name="addDefaultCache(name)">
			<help><![CDATA[Add a default named cache to our registry, create it, config it, register it and return it of type: coldbox.system.cache.ICacheProvider]]></help>
		</scopevar>
	<scopevar name="configureEventManager()">
			<help><![CDATA[Configure a standalone version of a ColdBox Event Manager]]></help>
		</scopevar>
	<scopevar name="shutdown()">
			<help><![CDATA[Recursively sends shutdown commands to al registered caches and cleans up in preparation for shutdown]]></help>
		</scopevar>
	<scopevar name="getEventManager()">
			<help><![CDATA[Get the cache factory's event manager]]></help>
		</scopevar>
	<scopevar name="reapAll()">
			<help><![CDATA[A nice way to call reap on all registered caches]]></help>
		</scopevar>
	<scopevar name="cacheExists(name)">
			<help><![CDATA[Check if the passed in named cache is already registered in this factory or not]]></help>
		</scopevar>
	<scopevar name="getCache(name)">
			<help><![CDATA[Get a reference to a registered cache in this factory.  If the cache does not exist it will return an exception. Type: coldbox.system.cache.ICacheProvider]]></help>
		</scopevar>
	<scopevar name="getCaches()">
			<help><![CDATA[Get a reference to all the registered caches in the cache factory as a structure]]></help>
		</scopevar>
	<scopevar name="getCacheNames()">
			<help><![CDATA[Get the array of caches registered with this factory]]></help>
		</scopevar>
	<scopevar name="addCache(cache)">
			<help><![CDATA[Register a new instantiated cache with this cache factory]]></help>
		</scopevar>
	<scopevar name="configureLogBox()">
			<help><![CDATA[Configure a standalone version of logBox for logging]]></help>
		</scopevar>
	<scopevar name="registerCache(cache)">
			<help><![CDATA[Register a cache instance internaly]]></help>
		</scopevar>
	<scopevar name="getDefaultCache()">
			<help><![CDATA[Get the default cache provider of type coldbox.system.cache.ICacheProvider]]></help>
		</scopevar>
	<scopevar name="getColdbox()">
			<help><![CDATA[Get the instance of ColdBox linked in this cache factory. Empty if using standalone version]]></help>
		</scopevar>
</scopevar>
	<scopevar name="controller">
		<help><![CDATA[This is the ColdBox Front Controller that dispatches events and manages your ColdBox application.]]></help>
		<scopevar name="setLoaderService(loaderService)">
			<help><![CDATA[Set LoaderService]]></help>
		</scopevar>
	<scopevar name="updateSSL(inURL,ssl)">
			<help><![CDATA[Update SSL or not on a request string]]></help>
		</scopevar>
	<scopevar name="getColdboxInitiated()">
			<help><![CDATA[Get ColdboxInitiated: Boolean]]></help>
		</scopevar>
	<scopevar name="getAppRootPath()">
			<help><![CDATA[Get this application's physical path]]></help>
		</scopevar>
	<scopevar name="getColdboxOCM([cacheName])">
			<help><![CDATA[Get ColdboxOCM: coldbox.system.cache.CacheManager or new CacheBox providers coldbox.system.cache.IColdboxApplicationCache]]></help>
		</scopevar>
	<scopevar name="setLog(logger)">
			<help><![CDATA[Set the class logger object]]></help>
		</scopevar>
	<scopevar name="getExceptionService()">
			<help><![CDATA[Get ExceptionService: coldbox.system.web.services.ExceptionService]]></help>
		</scopevar>
	<scopevar name="setValidationManager(validationManager)">
			<help><![CDATA[Store the validation manager for the application]]></help>
		</scopevar>
	<scopevar name="getWireBox()">
			<help><![CDATA[Get the application's LogBox instance]]></help>
		</scopevar>
	<scopevar name="setHandlerService(handlerService)">
			<help><![CDATA[Set HandlerService]]></help>
		</scopevar>
	<scopevar name="getAppKey()">
			<help><![CDATA[Get this application's key in memory space (application scope)]]></help>
		</scopevar>
	<scopevar name="init(appRootPath,appKey)">
			<help><![CDATA[Constructor]]></help>
		</scopevar>
	<scopevar name="invoker(target,method,[argCollection],[private])">
			<help><![CDATA[Method Invoker]]></help>
		</scopevar>
	<scopevar name="getLogBox()">
			<help><![CDATA[Get the application's LogBox instance]]></help>
		</scopevar>
	<scopevar name="getInterceptorService()">
			<help><![CDATA[Get interceptorService: coldbox.system.web.services.InterceptorService]]></help>
		</scopevar>
	<scopevar name="setConfigSettings(configSettings)">
			<help><![CDATA[Set ConfigSettings]]></help>
		</scopevar>
	<scopevar name="validateAction(action,[inclusion],[exclusion])">
			<help><![CDATA[Checks if an action can be executed according to inclusion/exclusion lists. Boolean]]></help>
		</scopevar>
	<scopevar name="getCFMLEngine()">
			<help><![CDATA[Get the CFMLEngine utility(coldbox.system.core.cf.CFMLEngine)]]></help>
		</scopevar>
	<scopevar name="getUtil()">
			<help><![CDATA[Create and return a util object]]></help>
		</scopevar>
	<scopevar name="getSetting([name],[FWSetting],[defaultValue])">
			<help><![CDATA[I get a setting from the FW Config structures. Use the FWSetting boolean argument to retrieve from the fwSettingsStruct.]]></help>
		</scopevar>
	<scopevar name="setLogBox(logBox)">
			<help><![CDATA[Set the logBox instance]]></help>
		</scopevar>
	<scopevar name="getColdboxSettings()">
			<help><![CDATA[I retrieve the ColdBox Settings Structure by Reference]]></help>
		</scopevar>
	<scopevar name="getDebuggerService()">
			<help><![CDATA[Get DebuggerService: coldbox.system.web.services.DebuggerService]]></help>
		</scopevar>
	<scopevar name="getCacheBox()">
			<help><![CDATA[Get the application's CacheBox instance as coldbox.system.cache.CacheFactory]]></help>
		</scopevar>
	<scopevar name="getPlugin(plugin,[customPlugin],[newInstance],[module],[init])">
			<help><![CDATA[I am the Plugin cfc object factory.]]></help>
		</scopevar>
	<scopevar name="getServices()">
			<help><![CDATA[Get all the registered services structure]]></help>
		</scopevar>
	<scopevar name="sendRelocation(url,[addtoken],[statusCode])">
			<help><![CDATA[Send a CF relocation via ColdBox]]></help>
		</scopevar>
	<scopevar name="getPluginService()">
			<help><![CDATA[Get PluginService: coldbox.system.web.services.PluginService]]></help>
		</scopevar>
	<scopevar name="settingExists(name,[FWSetting])">
			<help><![CDATA[I Check if a value exists in the configstruct or the fwsettingsStruct.]]></help>
		</scopevar>
	<scopevar name="getAppHash()">
			<help><![CDATA[Get AppHash]]></help>
		</scopevar>
	<scopevar name="getValidationManager()">
			<help><![CDATA[Get the validation manager for the application]]></help>
		</scopevar>
	<scopevar name="setColdboxOCM(coldboxOCM)">
			<help><![CDATA[Set ColdboxOCM]]></help>
		</scopevar>
	<scopevar name="getSettingStructure([FWSetting],[deepCopyFlag])">
			<help><![CDATA[Compatability & Utility Method. By default I retrieve the Config Settings. You can change this by using the FWSetting flag.]]></help>
		</scopevar>
	<scopevar name="getRequestService()">
			<help><![CDATA[Get RequestService: coldbox.system.web.services.RequestService]]></help>
		</scopevar>
	<scopevar name="getMemento()">
			<help><![CDATA[Get the controller's internal state]]></help>
		</scopevar>
	<scopevar name="getLoaderService()">
			<help><![CDATA[Get LoaderService: coldbox.system.web.services.LoaderService]]></help>
		</scopevar>
	<scopevar name="setModuleService(moduleService)">
			<help><![CDATA[Set ModuleService]]></help>
		</scopevar>
	<scopevar name="setNextEvent([event],[queryString],[addToken],[persist],[persistStruct],[ssl],[baseURL],[postProcessExempt],[URL],[URI],[statusCode])">
			<help><![CDATA[I Set the next event to run and relocate the browser to that event. If you are in SES mode, this method will use routing instead. You can also use this method to relocate to an absolute URL or a relative URI]]></help>
		</scopevar>
	<scopevar name="setColdboxSettings(coldboxSettings)">
			<help><![CDATA[Set ColdboxSettings]]></help>
		</scopevar>
	<scopevar name="setCacheBox(cacheBox)">
			<help><![CDATA[Set the application's CacheBox instance]]></help>
		</scopevar>
	<scopevar name="setWireBox(wireBox)">
			<help><![CDATA[Set the WireBox instance]]></help>
		</scopevar>
	<scopevar name="setDebuggerService(debuggerService)">
			<help><![CDATA[Set DebuggerService]]></help>
		</scopevar>
	<scopevar name="getHandlerService()">
			<help><![CDATA[Get HandlerService: coldbox.system.web.services.HandlerService]]></help>
		</scopevar>
	<scopevar name="setAspectsInitiated(aspectsInitiated)">
			<help><![CDATA[Set AspectsInitiated]]></help>
		</scopevar>
	<scopevar name="setAppRootPath(appRootPath)">
			<help><![CDATA[Set this application's physical path.]]></help>
		</scopevar>
	<scopevar name="persistVariables([persist],[persistStruct])">
			<help><![CDATA[@deprecated DO NOT USE ANYMORE. Persist variables for flash redirections, it can use a structure of name-value pairs or keys from the request collection. Use the flash object instead, this method will auto-save all persistence automatically.]]></help>
		</scopevar>
	<scopevar name="getConfigSettings()">
			<help><![CDATA[I retrieve the Config Settings Structure by Reference]]></help>
		</scopevar>
	<scopevar name="getAspectsInitiated()">
			<help><![CDATA[Get AspectsInitiated]]></help>
		</scopevar>
	<scopevar name="setSetting([name],[value])">
			<help><![CDATA[I set a Global Coldbox setting variable in the configstruct, if it exists it will be overrided. This only sets in the ConfigStruct]]></help>
		</scopevar>
	<scopevar name="pushTimers()">
			<help><![CDATA[Push timers into stack]]></help>
		</scopevar>
	<scopevar name="setInterceptorService(interceptorService)">
			<help><![CDATA[Set interceptorService]]></help>
		</scopevar>
	<scopevar name="setAppHash(appHash)">
			<help><![CDATA[Set AppHash]]></help>
		</scopevar>
	<scopevar name="setColdboxInitiated(coldboxInitiated)">
			<help><![CDATA[Set ColdboxInitiated]]></help>
		</scopevar>
	<scopevar name="setRequestService(requestService)">
			<help><![CDATA[Set RequestService]]></help>
		</scopevar>
	<scopevar name="runEvent([event],[prepostExempt],[private],[default],[eventArguments])">
			<help><![CDATA[I am an event handler runnable factory. If no event is passed in then it will run the default event from the config file.]]></help>
		</scopevar>
	<scopevar name="setPluginService(pluginService)">
			<help><![CDATA[Set PluginService]]></help>
		</scopevar>
	<scopevar name="getModuleService()">
			<help><![CDATA[Get ModuleService: coldbox.system.web.services.ModuleService]]></help>
		</scopevar>
</scopevar>

	</cfscopes>
</dictionary>