﻿<?xml version="1.0" encoding="utf-8"?>
<snippet filetemplate="false" extension="">
<name>Many2Many</name>
<help>Many 2 Many Relationship</help>
<starttext><![CDATA[property name="$${Name}"
		 fieldtype="many-to-many"
		 singularName="$${Singular Name}"
		 cfc="$${CFC}"
		 linktable="$${Link Table}"
		 fkcolumn="$${FKColumn}"
		 inversejoincolumn="$${Inverse Join Column}"
		 inverse="$${Inverse:true|false}"
		 lazy="$${Lazy:true|false}"
		 cascade="all-delete-orphan";]]></starttext>
<endtext><![CDATA[]]></endtext>
</snippet>